Country,Year,Gini coefficient (World Bank PIP)
Albania,1996,0.27010342
Albania,2002,0.3173898
Albania,2005,0.30595654
Albania,2008,0.2998467
Albania,2012,0.28960484
Albania,2014,0.34598896
Albania,2015,0.32753733
Albania,2016,0.33736297
Albania,2017,0.33055663
Albania,2018,0.30148283
Albania,2019,0.30115768
Albania,2020,0.2941963
Algeria,1988,0.37356994
Algeria,1995,0.35330054
Algeria,2011,0.27615732
Angola,2000,0.5194515
Angola,2008,0.42715514
Angola,2018,0.51264286
Argentina (urban),1980,0.4083086
Argentina (urban),1986,0.42797506
Argentina (urban),1987,0.4526729
Argentina (urban),1991,0.46754274
Argentina (urban),1992,0.45454842
Argentina (urban),1993,0.44843096
Argentina (urban),1994,0.4589804
Argentina (urban),1995,0.48878098
Argentina (urban),1996,0.49490517
Argentina (urban),1997,0.49085242
Argentina (urban),1998,0.50712705
Argentina (urban),1999,0.49765623
Argentina (urban),2000,0.5103796
Argentina (urban),2001,0.5329304
Argentina (urban),2002,0.5375955
Argentina (urban),2003,0.50994456
Argentina (urban),2004,0.48483533
Argentina (urban),2005,0.47810286
Argentina (urban),2006,0.46444497
Argentina (urban),2007,0.46282586
Argentina (urban),2008,0.44986764
Argentina (urban),2009,0.43758938
Argentina (urban),2010,0.43676555
Argentina (urban),2011,0.4273792
Argentina (urban),2012,0.41437364
Argentina (urban),2013,0.4108646
Argentina (urban),2014,0.41822484
Argentina (urban),2016,0.42345008
Argentina (urban),2017,0.41434798
Argentina (urban),2018,0.4171897
Argentina (urban),2019,0.43314135
Argentina (urban),2020,0.42743686
Argentina (urban),2021,0.4244556
Argentina (urban),2022,0.4073646
Argentina (urban),2023,0.42390975
Armenia,1999,0.36219725
Armenia,2001,0.3536436
Armenia,2002,0.34779674
Armenia,2003,0.33028087
Armenia,2004,0.37505633
Armenia,2005,0.35992354
Armenia,2006,0.29709986
Armenia,2007,0.31226057
Armenia,2008,0.2918814
Armenia,2009,0.2801588
Armenia,2010,0.29992583
Armenia,2011,0.29352945
Armenia,2012,0.29602262
Armenia,2013,0.30579662
Armenia,2014,0.3148329
Armenia,2015,0.32356772
Armenia,2016,0.32547948
Armenia,2017,0.3362184
Armenia,2018,0.344335
Armenia,2019,0.30031213
Armenia,2020,0.25131604
Armenia,2021,0.2794013
Armenia,2022,0.27945295
Armenia,2023,0.2715465
Australia,1981,0.31324694
Australia,1985,0.3249635
Australia,1989,0.33151868
Australia,1995,0.325785
Australia,2001,0.33461928
Australia,2003,0.3349675
Australia,2004,0.3305572
Australia,2008,0.3542851
Australia,2010,0.34656727
Australia,2014,0.34398162
Australia,2016,0.33685187
Australia,2018,0.34332526
Austria,1994,0.3082802
Austria,1995,0.29914328
Austria,1996,0.29317808
Austria,1997,0.29065368
Austria,1998,0.31340772
Austria,1999,0.2967054
Austria,2000,0.28964692
Austria,2003,0.29465628
Austria,2004,0.29788846
Austria,2005,0.28715208
Austria,2006,0.2958756
Austria,2007,0.3057945
Austria,2008,0.30437094
Austria,2009,0.31494907
Austria,2010,0.30251664
Austria,2011,0.30801058
Austria,2012,0.30475616
Austria,2013,0.30752906
Austria,2014,0.30535373
Austria,2015,0.3053083
Austria,2016,0.3079514
Austria,2017,0.2973693
Austria,2018,0.3084742
Austria,2019,0.30210516
Austria,2020,0.29800698
Austria,2021,0.30701682
Austria,2022,0.3089293
Azerbaijan,1995,0.34648824
Azerbaijan,2001,0.36454937
Azerbaijan,2002,0.25277665
Azerbaijan,2003,0.2683288
Azerbaijan,2004,0.26621592
Azerbaijan,2005,0.26554906
Bangladesh,1983,0.2587649
Bangladesh,1985,0.26917496
Bangladesh,1988,0.28846547
Bangladesh,1991,0.27570805
Bangladesh,1995,0.32942984
Bangladesh,2000,0.33406532
Bangladesh,2005,0.33201292
Bangladesh,2010,0.3213032
Bangladesh,2016,0.32385272
Bangladesh,2022,0.33373156
Barbados,2016,0.34068036
Belarus,1998,0.3201835
Belarus,1999,0.31738147
Belarus,2000,0.31167483
Belarus,2001,0.30576724
Belarus,2002,0.30336243
Belarus,2003,0.28821012
Belarus,2004,0.26479885
Belarus,2005,0.2755341
Belarus,2006,0.28275442
Belarus,2007,0.2961238
Belarus,2008,0.27826044
Belarus,2009,0.27689305
Belarus,2010,0.285666
Belarus,2011,0.2715255
Belarus,2012,0.26526198
Belarus,2013,0.26575053
Belarus,2014,0.27176666
Belarus,2015,0.25633225
Belarus,2016,0.25306615
Belarus,2017,0.2544457
Belarus,2018,0.25240526
Belarus,2019,0.25277847
Belarus,2020,0.24383356
Belgium,1985,0.2520385
Belgium,1988,0.25711665
Belgium,1992,0.24946482
Belgium,1995,0.2841082
Belgium,1997,0.26832196
Belgium,2000,0.33135977
Belgium,2003,0.28143343
Belgium,2004,0.3054143
Belgium,2005,0.2933692
Belgium,2006,0.28054053
Belgium,2007,0.2923768
Belgium,2008,0.2837373
Belgium,2009,0.2855119
Belgium,2010,0.2837483
Belgium,2011,0.2806044
Belgium,2012,0.274905
Belgium,2013,0.27668858
Belgium,2014,0.28134012
Belgium,2015,0.2772931
Belgium,2016,0.2758074
Belgium,2017,0.2738765
Belgium,2018,0.272142
Belgium,2019,0.27219555
Belgium,2020,0.2595828
Belgium,2021,0.26577634
Belgium,2022,0.26375556
Belize,1995,0.57547647
Belize,2018,0.39949584
Benin,2003,0.38577467
Benin,2011,0.43439275
Benin,2015,0.4760386
Benin,2018,0.37948644
Benin,2021,0.34395808
Bhutan,2003,0.40898
Bhutan,2007,0.3809077
Bhutan,2012,0.38809326
Bhutan,2017,0.3744141
Bhutan,2022,0.2845992
Bolivia,1997,0.58141714
Bolivia,1999,0.58036
Bolivia,2000,0.6156524
Bolivia,2001,0.5736684
Bolivia,2002,0.59274924
Bolivia,2004,0.5500035
Bolivia,2005,0.58518565
Bolivia,2006,0.5666029
Bolivia,2007,0.54532504
Bolivia,2008,0.5081494
Bolivia,2009,0.49220297
Bolivia,2011,0.46080363
Bolivia,2012,0.4657997
Bolivia,2013,0.4758858
Bolivia,2014,0.4782917
Bolivia,2015,0.46731645
Bolivia,2016,0.45240822
Bolivia,2017,0.44617796
Bolivia,2018,0.42579088
Bolivia,2019,0.41644302
Bolivia,2020,0.4364544
Bolivia,2021,0.40913323
Bolivia,2022,0.41208377
Bolivia,2023,0.42050114
Bolivia (urban),1990,0.42035723
Bolivia (urban),1992,0.49072397
Bosnia and Herzegovina,2001,0.2996642
Bosnia and Herzegovina,2004,0.3403749
Bosnia and Herzegovina,2007,0.33061588
Bosnia and Herzegovina,2011,0.33030185
Botswana,1985,0.5421201
Botswana,1993,0.6014759
Botswana,2002,0.6153865
Botswana,2009,0.5693109
Botswana,2015,0.5490736
Brazil,1981,0.57864046
Brazil,1982,0.58356094
Brazil,1983,0.58903974
Brazil,1984,0.5829912
Brazil,1985,0.55526423
Brazil,1986,0.58432895
Brazil,1987,0.5964315
Brazil,1988,0.613723
Brazil,1989,0.63245785
Brazil,1990,0.60450876
Brazil,1992,0.5310342
Brazil,1993,0.60066897
Brazil,1995,0.59531194
Brazil,1996,0.5983838
Brazil,1997,0.5975472
Brazil,1998,0.59566253
Brazil,1999,0.5895122
Brazil,2001,0.5840288
Brazil,2002,0.5810567
Brazil,2003,0.57553387
Brazil,2004,0.56471825
Brazil,2005,0.5631013
Brazil,2006,0.5564221
Brazil,2007,0.54919165
Brazil,2008,0.5403759
Brazil,2009,0.53682
Brazil,2011,0.5294177
Brazil,2012,0.5343539
Brazil,2013,0.526834
Brazil,2014,0.5202971
Brazil,2015,0.51926535
Brazil,2016,0.5336719
Brazil,2017,0.5332116
Brazil,2018,0.5388841
Brazil,2019,0.5350941
Brazil,2020,0.4890203
Brazil,2021,0.52938807
Brazil,2022,0.52015305
Brazil,2023,0.5163944
Bulgaria,1992,0.3071431
Bulgaria,2006,0.35688826
Bulgaria,2007,0.36095878
Bulgaria,2008,0.3357257
Bulgaria,2009,0.33823076
Bulgaria,2010,0.35653466
Bulgaria,2011,0.34274977
Bulgaria,2012,0.36010975
Bulgaria,2013,0.36570895
Bulgaria,2014,0.37415853
Bulgaria,2015,0.38564378
Bulgaria,2016,0.40589675
Bulgaria,2017,0.40378964
Bulgaria,2018,0.41284075
Bulgaria,2019,0.40271118
Bulgaria,2020,0.40523154
Bulgaria,2021,0.39005446
Bulgaria,2022,0.38201502
Burkina Faso,1994,0.48017555
Burkina Faso,1998,0.4986853
Burkina Faso,2003,0.4325115
Burkina Faso,2009,0.397607
Burkina Faso,2014,0.35301226
Burkina Faso,2018,0.43016732
Burkina Faso,2021,0.37391287
Burundi,1992,0.3333381
Burundi,1998,0.42058137
Burundi,2006,0.33359864
Burundi,2013,0.38623977
Burundi,2020,0.37456086
Cameroon,1996,0.44446746
Cameroon,2001,0.42136794
Cameroon,2007,0.42820063
Cameroon,2014,0.46640873
Cameroon,2021,0.42176074
Canada,1971,0.37246722
Canada,1973,0.34901816
Canada,1975,0.34087202
Canada,1977,0.33729297
Canada,1979,0.33469138
Canada,1981,0.3296308
Canada,1982,0.32930598
Canada,1984,0.33518428
Canada,1985,0.33174872
Canada,1986,0.31675813
Canada,1987,0.31653872
Canada,1988,0.3119787
Canada,1989,0.31012514
Canada,1990,0.31365356
Canada,1991,0.3194339
Canada,1992,0.31564316
Canada,1993,0.31675923
Canada,1994,0.31303805
Canada,1995,0.31509578
Canada,1996,0.32768053
Canada,1997,0.33116943
Canada,1998,0.33217245
Canada,1999,0.33060935
Canada,2000,0.33418295
Canada,2001,0.33554783
Canada,2002,0.3356031
Canada,2003,0.33809465
Canada,2004,0.33776483
Canada,2005,0.33621806
Canada,2006,0.3409054
Canada,2007,0.33841008
Canada,2008,0.33930567
Canada,2009,0.33952153
Canada,2010,0.33592603
Canada,2011,0.32657078
Canada,2012,0.33539012
Canada,2013,0.3379898
Canada,2014,0.33157605
Canada,2015,0.33746484
Canada,2016,0.32701823
Canada,2017,0.33308205
Canada,2018,0.3250927
Canada,2019,0.31749648
Canada,2020,0.29851684
Cape Verde,2001,0.5249523
Cape Verde,2007,0.47187388
Cape Verde,2015,0.42381087
Central African Republic,1992,0.5968511
Central African Republic,2008,0.5619515
Central African Republic,2021,0.43034458
Chad,2003,0.39811727
Chad,2011,0.4332027
Chad,2018,0.37499154
Chad,2022,0.37357685
Chile,1987,0.56193596
Chile,1990,0.5723576
Chile,1992,0.5480666
Chile,1994,0.5642127
Chile,1996,0.54868966
Chile,1998,0.55516803
Chile,2000,0.52758694
Chile,2003,0.5147556
Chile,2006,0.47706884
Chile,2009,0.47404668
Chile,2011,0.46868157
Chile,2013,0.4682394
Chile,2015,0.45343348
Chile,2017,0.45269984
Chile,2020,0.47004908
Chile,2022,0.43042782
China,1981,0.28164098
China,1984,0.271023
China,1987,0.29385957
China,1990,0.3222662
China,1993,0.338778
China,1996,0.3522766
China,1999,0.38703215
China,2002,0.41985726
China,2005,0.40900767
China,2008,0.4296504
China,2010,0.43744954
China,2011,0.42409223
China,2012,0.42237166
China,2013,0.397364
China,2014,0.39177653
China,2015,0.38595304
China,2016,0.38480517
China,2017,0.39075777
China,2018,0.38497642
China,2019,0.38168344
China,2020,0.37090832
China,2021,0.35743752
China (rural),1981,0.24729232
China (rural),1984,0.2668613
China (rural),1987,0.29451063
China (rural),1990,0.30475813
China (rural),1993,0.2804393
China (rural),1996,0.33620438
China (rural),1999,0.35389417
China (rural),2002,0.38019347
China (rural),2005,0.35849202
China (rural),2008,0.39399046
China (rural),2010,0.4060783
China (rural),2011,0.38497442
China (rural),2012,0.39497343
China (rural),2013,0.33971012
China (rural),2014,0.3375639
China (rural),2015,0.33242807
China (rural),2016,0.33179837
China (rural),2017,0.34255984
China (rural),2018,0.33541563
China (rural),2019,0.3267486
China (rural),2020,0.31574252
China (rural),2021,0.30404037
China (urban),1981,0.18508829
China (urban),1984,0.17744046
China (urban),1987,0.20129786
China (urban),1990,0.2559464
China (urban),1993,0.2846636
China (urban),1996,0.29089227
China (urban),1999,0.31547564
China (urban),2002,0.3339575
China (urban),2005,0.3473589
China (urban),2008,0.35154304
China (urban),2010,0.3574452
China (urban),2011,0.35559225
China (urban),2012,0.3535335
China (urban),2013,0.3668623
China (urban),2014,0.36429673
China (urban),2015,0.36156222
China (urban),2016,0.36124825
China (urban),2017,0.3694193
China (urban),2018,0.36906132
China (urban),2019,0.37052557
China (urban),2020,0.36667654
China (urban),2021,0.35652608
Colombia,1992,0.5134726
Colombia,1996,0.5677193
Colombia,1999,0.5852623
Colombia,2000,0.5837996
Colombia,2001,0.57319844
Colombia,2002,0.5600673
Colombia,2003,0.5357277
Colombia,2004,0.54974467
Colombia,2005,0.5390761
Colombia,2008,0.5530606
Colombia,2009,0.54282105
Colombia,2010,0.5461634
Colombia,2011,0.53483087
Colombia,2012,0.52637225
Colombia,2013,0.5262469
Colombia,2014,0.5254296
Colombia,2015,0.509826
Colombia,2016,0.50562435
Colombia,2017,0.49706593
Colombia,2018,0.50410366
Colombia,2019,0.5132543
Colombia,2020,0.5348644
Colombia,2021,0.55117023
Colombia,2022,0.5481858
Colombia,2023,0.53881925
Colombia (urban),1980,0.5509124
Colombia (urban),1988,0.53106165
Colombia (urban),1989,0.528438
Colombia (urban),1991,0.51318896
Comoros,2004,0.5592381
Comoros,2014,0.45332187
Congo,2005,0.47329873
Congo,2011,0.48937693
Costa Rica,1981,0.47494763
Costa Rica,1986,0.3441325
Costa Rica,1989,0.4546494
Costa Rica,1990,0.45213926
Costa Rica,1991,0.46553165
Costa Rica,1992,0.45639223
Costa Rica,1993,0.45926362
Costa Rica,1994,0.46701846
Costa Rica,1995,0.45658925
Costa Rica,1996,0.4647768
Costa Rica,1997,0.45578167
Costa Rica,1998,0.456374
Costa Rica,1999,0.47630617
Costa Rica,2000,0.47409484
Costa Rica,2001,0.5150596
Costa Rica,2002,0.5181253
Costa Rica,2003,0.49300322
Costa Rica,2004,0.4841752
Costa Rica,2005,0.47510257
Costa Rica,2006,0.49280483
Costa Rica,2007,0.49312812
Costa Rica,2008,0.48640773
Costa Rica,2009,0.5055465
Costa Rica,2010,0.4804304
Costa Rica,2011,0.487592
Costa Rica,2012,0.484173
Costa Rica,2013,0.49151808
Costa Rica,2014,0.4863209
Costa Rica,2015,0.4837395
Costa Rica,2016,0.48704112
Costa Rica,2017,0.48345202
Costa Rica,2018,0.4796996
Costa Rica,2019,0.48189852
Costa Rica,2020,0.49245045
Costa Rica,2021,0.4867803
Costa Rica,2022,0.47151297
Costa Rica,2023,0.4672933
Costa Rica,2024,0.4582914
Cote d'Ivoire,1985,0.45520967
Cote d'Ivoire,1986,0.37969762
Cote d'Ivoire,1987,0.40509075
Cote d'Ivoire,1988,0.36886287
Cote d'Ivoire,1992,0.39381957
Cote d'Ivoire,1995,0.40563822
Cote d'Ivoire,1998,0.38957322
Cote d'Ivoire,2008,0.4317945
Cote d'Ivoire,2015,0.4146846
Cote d'Ivoire,2018,0.37168875
Cote d'Ivoire,2021,0.35275364
Croatia,1988,0.22780727
Croatia,2009,0.325536
Croatia,2010,0.32372993
Croatia,2011,0.32254216
Croatia,2012,0.3247164
Croatia,2013,0.31992215
Croatia,2014,0.3210291
Croatia,2015,0.3111313
Croatia,2016,0.30897874
Croatia,2017,0.30352274
Croatia,2018,0.29728624
Croatia,2019,0.28908283
Croatia,2020,0.29543304
Croatia,2021,0.28895947
Croatia,2022,0.30017322
Cyprus,2004,0.30089054
Cyprus,2005,0.30259413
Cyprus,2006,0.31125963
Cyprus,2007,0.31113273
Cyprus,2008,0.31708607
Cyprus,2009,0.32108262
Cyprus,2010,0.31457788
Cyprus,2011,0.326255
Cyprus,2012,0.34312433
Cyprus,2013,0.37041834
Cyprus,2014,0.35565284
Cyprus,2015,0.33966377
Cyprus,2016,0.32891682
Cyprus,2017,0.31416234
Cyprus,2018,0.32739753
Cyprus,2019,0.3122324
Cyprus,2020,0.31727943
Cyprus,2021,0.3125177
Cyprus,2022,0.31534076
Czechia,1992,0.20703283
Czechia,1993,0.2655349
Czechia,1996,0.2579901
Czechia,2002,0.26555094
Czechia,2004,0.2753318
Czechia,2005,0.26946017
Czechia,2006,0.26744118
Czechia,2007,0.2599865
Czechia,2008,0.26280212
Czechia,2009,0.26156676
Czechia,2010,0.26623514
Czechia,2011,0.26381275
Czechia,2012,0.2610994
Czechia,2013,0.26473904
Czechia,2014,0.25923222
Czechia,2015,0.25867426
Czechia,2016,0.25406334
Czechia,2017,0.2485221
Czechia,2018,0.24990341
Czechia,2019,0.25262198
Czechia,2020,0.26245132
Czechia,2021,0.26202103
Czechia,2022,0.2587039
Democratic Republic of Congo,2004,0.41633895
Democratic Republic of Congo,2012,0.4207512
Democratic Republic of Congo,2020,0.4467324
Denmark,1987,0.2623234
Denmark,1992,0.24691045
Denmark,1995,0.22955896
Denmark,2000,0.2376632
Denmark,2003,0.2563104
Denmark,2004,0.24911796
Denmark,2005,0.25186387
Denmark,2006,0.25913078
Denmark,2007,0.26184258
Denmark,2008,0.25246271
Denmark,2009,0.26701194
Denmark,2010,0.2719856
Denmark,2011,0.27311745
Denmark,2012,0.2779075
Denmark,2013,0.28542548
Denmark,2014,0.2835288
Denmark,2015,0.28177243
Denmark,2016,0.28187442
Denmark,2017,0.28746662
Denmark,2018,0.28165728
Denmark,2019,0.27723315
Denmark,2020,0.27503937
Denmark,2021,0.28323492
Denmark,2022,0.29259402
Djibouti,2002,0.39997378
Djibouti,2012,0.4510654
Djibouti,2013,0.44118604
Djibouti,2017,0.41586015
Dominican Republic,1986,0.47780794
Dominican Republic,1989,0.5044813
Dominican Republic,1992,0.5105342
Dominican Republic,1996,0.47420478
Dominican Republic,1997,0.4890393
Dominican Republic,2000,0.51514596
Dominican Republic,2001,0.49999
Dominican Republic,2002,0.4967226
Dominican Republic,2003,0.5212065
Dominican Republic,2004,0.520509
Dominican Republic,2005,0.49965227
Dominican Republic,2006,0.51961297
Dominican Republic,2007,0.48855639
Dominican Republic,2008,0.48107606
Dominican Republic,2009,0.48875666
Dominican Republic,2010,0.47325945
Dominican Republic,2011,0.47706905
Dominican Republic,2012,0.46133542
Dominican Republic,2013,0.47656393
Dominican Republic,2014,0.44279468
Dominican Republic,2015,0.45181024
Dominican Republic,2016,0.45722714
Dominican Republic,2017,0.4219328
Dominican Republic,2018,0.43686157
Dominican Republic,2019,0.41917238
Dominican Republic,2020,0.39628673
Dominican Republic,2021,0.38529354
Dominican Republic,2022,0.369794
Dominican Republic,2023,0.38397565
East Timor,2001,0.35935292
East Timor,2007,0.27823317
East Timor,2014,0.28652927
Ecuador,1994,0.5333368
Ecuador,1999,0.5857383
Ecuador,2000,0.5630455
Ecuador,2003,0.5351504
Ecuador,2004,0.53891784
Ecuador,2005,0.53050774
Ecuador,2006,0.5224754
Ecuador,2007,0.53355306
Ecuador,2008,0.4978813
Ecuador,2009,0.4849893
Ecuador,2010,0.48800084
Ecuador,2011,0.45871636
Ecuador,2012,0.46109542
Ecuador,2013,0.46862498
Ecuador,2014,0.4499268
Ecuador,2015,0.4595101
Ecuador,2016,0.45016456
Ecuador,2017,0.44670117
Ecuador,2018,0.4543803
Ecuador,2019,0.4571004
Ecuador,2020,0.47309673
Ecuador,2021,0.45797622
Ecuador,2022,0.4546512
Ecuador,2023,0.44579554
Ecuador (urban),1987,0.5048004
Ecuador (urban),1995,0.50834566
Ecuador (urban),1998,0.49607277
Egypt,1990,0.3200394
Egypt,1995,0.3008284
Egypt,1999,0.30834845
Egypt,2004,0.31847546
Egypt,2008,0.31102437
Egypt,2010,0.30191457
Egypt,2012,0.28292203
Egypt,2015,0.31823358
Egypt,2017,0.31533954
Egypt,2019,0.3189325
Egypt,2021,0.28482038
El Salvador,1989,0.48709404
El Salvador,1991,0.53787655
El Salvador,1995,0.49846727
El Salvador,1996,0.5095692
El Salvador,1998,0.5437271
El Salvador,1999,0.52075946
El Salvador,2000,0.5146319
El Salvador,2001,0.5134626
El Salvador,2002,0.518506
El Salvador,2003,0.5043299
El Salvador,2004,0.47798017
El Salvador,2005,0.48471633
El Salvador,2006,0.4568923
El Salvador,2007,0.4521747
El Salvador,2008,0.4688559
El Salvador,2009,0.4582484
El Salvador,2010,0.4351326
El Salvador,2011,0.42317978
El Salvador,2012,0.41828832
El Salvador,2013,0.4335865
El Salvador,2014,0.4155944
El Salvador,2015,0.40551814
El Salvador,2016,0.39978543
El Salvador,2017,0.38007152
El Salvador,2018,0.38610572
El Salvador,2019,0.38778764
El Salvador,2021,0.39010632
El Salvador,2022,0.38753
El Salvador,2023,0.39802378
Equatorial Guinea,2022,0.38542363
Estonia,1993,0.39427334
Estonia,2003,0.37194708
Estonia,2004,0.3355925
Estonia,2005,0.33446768
Estonia,2006,0.33667657
Estonia,2007,0.3117838
Estonia,2008,0.3191497
Estonia,2009,0.31442666
Estonia,2010,0.31999838
Estonia,2011,0.3248838
Estonia,2012,0.32913485
Estonia,2013,0.3507549
Estonia,2014,0.3458778
Estonia,2015,0.32667875
Estonia,2016,0.31194672
Estonia,2017,0.30354282
Estonia,2018,0.303201
Estonia,2019,0.30765346
Estonia,2020,0.30737072
Estonia,2021,0.3183396
Estonia,2022,0.32252404
Eswatini,1994,0.5871373
Eswatini,2000,0.5311352
Eswatini,2009,0.5144217
Eswatini,2016,0.54579794
Ethiopia,1995,0.44563574
Ethiopia,1999,0.29975796
Ethiopia,2004,0.29806852
Ethiopia,2010,0.33170602
Ethiopia,2015,0.34993124
Ethiopia,2021,0.31141794
Ethiopia (rural),1981,0.30980363
Fiji,2002,0.38102055
Fiji,2008,0.40375587
Fiji,2013,0.36696598
Fiji,2019,0.30706868
Finland,1987,0.22171399
Finland,1991,0.22879761
Finland,1995,0.23459136
Finland,2000,0.27156627
Finland,2003,0.2768643
Finland,2004,0.27897653
Finland,2005,0.27619493
Finland,2006,0.27998725
Finland,2007,0.28285563
Finland,2008,0.27838135
Finland,2009,0.27455276
Finland,2010,0.27713963
Finland,2011,0.2764265
Finland,2012,0.2709638
Finland,2013,0.27193668
Finland,2014,0.26776806
Finland,2015,0.27101812
Finland,2016,0.27078423
Finland,2017,0.27382833
Finland,2018,0.2732957
Finland,2019,0.27737126
Finland,2020,0.27091044
Finland,2021,0.27708507
Finland,2022,0.27925923
France,1970,0.37145555
France,1975,0.35918272
France,1979,0.34042618
France,1984,0.3339817
France,1990,0.32119063
France,1996,0.32016575
France,1997,0.3190015
France,1998,0.31657764
France,1999,0.32499772
France,2000,0.32553056
France,2001,0.3253329
France,2002,0.31778157
France,2003,0.31411055
France,2004,0.30647257
France,2005,0.29833868
France,2006,0.29691088
France,2007,0.32427707
France,2008,0.32996443
France,2009,0.3266122
France,2010,0.3372042
France,2011,0.3329475
France,2012,0.3311486
France,2013,0.32512555
France,2014,0.32262158
France,2015,0.3270423
France,2016,0.31923518
France,2017,0.3163205
France,2018,0.32380664
France,2019,0.31199566
France,2020,0.3066147
France,2021,0.31500956
France,2022,0.3123691
Gabon,2005,0.42184988
Gabon,2017,0.38024372
Gambia,1998,0.48322016
Gambia,2003,0.47315526
Gambia,2010,0.4356842
Gambia,2015,0.35918832
Gambia,2020,0.38757205
Georgia,1996,0.37132707
Georgia,1997,0.40680897
Georgia,1998,0.41227973
Georgia,1999,0.4012637
Georgia,2000,0.4045737
Georgia,2001,0.39555073
Georgia,2002,0.3724569
Georgia,2003,0.36649796
Georgia,2004,0.3616829
Georgia,2005,0.3737492
Georgia,2006,0.36865136
Georgia,2007,0.38107985
Georgia,2008,0.38532415
Georgia,2009,0.38234505
Georgia,2010,0.39458388
Georgia,2011,0.39593115
Georgia,2012,0.3895387
Georgia,2013,0.38588786
Georgia,2014,0.37554133
Georgia,2015,0.36503676
Georgia,2016,0.3663965
Georgia,2017,0.37939575
Georgia,2018,0.36411363
Georgia,2019,0.35900697
Georgia,2020,0.3446497
Georgia,2021,0.34178445
Georgia,2022,0.33500025
Georgia,2023,0.34756896
Germany,1991,0.29492873
Germany,1992,0.2907326
Germany,1993,0.28612086
Germany,1994,0.29159415
Germany,1995,0.28811273
Germany,1996,0.27993777
Germany,1997,0.28246725
Germany,1998,0.2827037
Germany,1999,0.29047978
Germany,2000,0.2888814
Germany,2001,0.29949388
Germany,2002,0.29810533
Germany,2003,0.2980293
Germany,2004,0.30192587
Germany,2005,0.31704092
Germany,2006,0.3104196
Germany,2007,0.3117709
Germany,2008,0.30800265
Germany,2009,0.30479428
Germany,2010,0.30218413
Germany,2011,0.30610505
Germany,2012,0.3105579
Germany,2013,0.31453598
Germany,2014,0.30847794
Germany,2015,0.31653914
Germany,2016,0.3141309
Germany,2017,0.31314865
Germany,2018,0.31872115
Germany,2019,0.31780925
Germany,2020,0.3243345
Ghana,1987,0.35349578
Ghana,1988,0.3599354
Ghana,1991,0.38431713
Ghana,1998,0.40071207
Ghana,2005,0.42756242
Ghana,2012,0.42371643
Ghana,2016,0.43508595
Greece,1995,0.36966342
Greece,2000,0.34236863
Greece,2003,0.327592
Greece,2004,0.3358803
Greece,2005,0.3459669
Greece,2006,0.3512182
Greece,2007,0.3395082
Greece,2008,0.33587718
Greece,2009,0.33614972
Greece,2010,0.3409876
Greece,2011,0.34841916
Greece,2012,0.36250362
Greece,2013,0.36127287
Greece,2014,0.35804522
Greece,2015,0.35996836
Greece,2016,0.34956044
Greece,2017,0.3435031
Greece,2018,0.32890037
Greece,2019,0.3310183
Greece,2020,0.33558115
Greece,2021,0.32939485
Greece,2022,0.333736
Grenada,2018,0.4381641
Guatemala,1986,0.5413272
Guatemala,1989,0.5880921
Guatemala,1998,0.493976
Guatemala,2000,0.5417457
Guatemala,2006,0.54540217
Guatemala,2014,0.4832652
Guatemala,2023,0.45212683
Guinea,1991,0.4555847
Guinea,1994,0.4608161
Guinea,2002,0.43002704
Guinea,2007,0.39355347
Guinea,2012,0.33729705
Guinea,2018,0.29591954
Guinea-Bissau,1991,0.5575031
Guinea-Bissau,1993,0.4360943
Guinea-Bissau,2002,0.35568836
Guinea-Bissau,2010,0.5060209
Guinea-Bissau,2018,0.34765232
Guinea-Bissau,2021,0.33435068
Guyana,1992,0.3946759
Guyana,1998,0.4505283
Haiti,2001,0.58991164
Haiti,2012,0.60450804
Honduras,1989,0.5536728
Honduras,1990,0.5592856
Honduras,1991,0.5181965
Honduras,1992,0.518039
Honduras,1993,0.5344484
Honduras,1994,0.54991335
Honduras,1995,0.5546937
Honduras,1996,0.55696726
Honduras,1997,0.52727354
Honduras,1998,0.5728848
Honduras,1999,0.55214244
Honduras,2001,0.55351347
Honduras,2002,0.5570879
Honduras,2003,0.58078057
Honduras,2004,0.58092374
Honduras,2005,0.5947673
Honduras,2006,0.57524985
Honduras,2007,0.55815727
Honduras,2008,0.55489266
Honduras,2009,0.51281667
Honduras,2010,0.5308564
Honduras,2011,0.52553743
Honduras,2012,0.5336492
Honduras,2013,0.49958476
Honduras,2014,0.4987487
Honduras,2015,0.49248698
Honduras,2016,0.4979713
Honduras,2017,0.49444568
Honduras,2018,0.4892785
Honduras,2019,0.4816897
Honduras,2023,0.46826828
Honduras (urban),1986,0.5509298
Hungary,1987,0.20883092
Hungary,1989,0.2504778
Hungary,1991,0.2962293
Hungary,1993,0.27938303
Hungary,1994,0.33285597
Hungary,1999,0.30219844
Hungary,2004,0.29864356
Hungary,2005,0.3472095
Hungary,2006,0.2829602
Hungary,2007,0.27881828
Hungary,2008,0.27514026
Hungary,2009,0.2695926
Hungary,2010,0.29444122
Hungary,2011,0.29157913
Hungary,2012,0.3080251
Hungary,2013,0.31504104
Hungary,2014,0.30913037
Hungary,2015,0.30407092
Hungary,2016,0.3032402
Hungary,2017,0.30582544
Hungary,2018,0.29611367
Hungary,2019,0.29950473
Hungary,2020,0.29711646
Hungary,2021,0.29171917
Hungary,2022,0.30222824
Iceland,2003,0.26836038
Iceland,2004,0.2798185
Iceland,2005,0.29002446
Iceland,2006,0.3024501
Iceland,2007,0.29470888
Iceland,2008,0.3178928
Iceland,2009,0.28656244
Iceland,2010,0.26171297
Iceland,2011,0.2683027
Iceland,2012,0.26769423
Iceland,2013,0.25402915
Iceland,2014,0.27800417
Iceland,2015,0.26787972
Iceland,2016,0.27241105
Iceland,2017,0.2613158
Iceland,2018,0.2656501
India,1977,0.29687822
India,1983,0.27203676
India,1987,0.27531004
India,1993,0.26109812
India,2004,0.27682066
India,2009,0.27825886
India,2011,0.28776884
India,2022,0.25514996
Indonesia,1984,0.32302415
Indonesia,1987,0.30412093
Indonesia,1990,0.31069273
Indonesia,1993,0.31754944
Indonesia,1996,0.34213793
Indonesia,1998,0.3085094
Indonesia,1999,0.30788475
Indonesia,2000,0.30306274
Indonesia,2001,0.31165913
Indonesia,2002,0.30163765
Indonesia,2003,0.29323187
Indonesia,2004,0.30416507
Indonesia,2005,0.2990362
Indonesia,2006,0.31524122
Indonesia,2007,0.33231717
Indonesia,2008,0.3263291
Indonesia,2009,0.33432707
Indonesia,2010,0.3458631
Indonesia,2011,0.37925914
Indonesia,2012,0.3714888
Indonesia,2013,0.38926852
Indonesia,2014,0.3877997
Indonesia,2015,0.38207534
Indonesia,2016,0.368857
Indonesia,2017,0.3636789
Indonesia,2018,0.36338645
Indonesia,2019,0.35359862
Indonesia,2020,0.35335615
Indonesia,2021,0.35504764
Indonesia,2022,0.3551203
Indonesia,2023,0.3605703
Indonesia,2024,0.34894395
Iran,1986,0.4741963
Iran,1990,0.43604776
Iran,1994,0.42998368
Iran,1998,0.4409564
Iran,2005,0.43558642
Iran,2006,0.44752038
Iran,2009,0.42050025
Iran,2011,0.34661976
Iran,2012,0.3442554
Iran,2013,0.3396951
Iran,2014,0.3481402
Iran,2015,0.35264045
Iran,2016,0.35912308
Iran,2017,0.36693677
Iran,2018,0.37419906
Iran,2019,0.36482254
Iran,2020,0.3584293
Iran,2021,0.3546873
Iran,2022,0.34803438
Iran,2023,0.35884795
Iraq,2006,0.28600612
Iraq,2012,0.29541856
Iraq,2023,0.2977404
Ireland,1987,0.35466203
Ireland,1994,0.36914206
Ireland,1995,0.3704509
Ireland,1996,0.35622135
Ireland,2000,0.33005205
Ireland,2002,0.32290256
Ireland,2003,0.3288742
Ireland,2004,0.3360954
Ireland,2005,0.3375395
Ireland,2006,0.32727566
Ireland,2007,0.31946576
Ireland,2008,0.30905616
Ireland,2009,0.32680154
Ireland,2010,0.32294828
Ireland,2011,0.32872188
Ireland,2012,0.33220014
Ireland,2013,0.33485678
Ireland,2014,0.31874454
Ireland,2015,0.3182037
Ireland,2016,0.32807145
Ireland,2017,0.31358722
Ireland,2018,0.30602926
Ireland,2019,0.3025755
Ireland,2020,0.2922815
Ireland,2021,0.29371855
Ireland,2022,0.2991203
Israel,1979,0.36329976
Israel,1986,0.3649054
Israel,1992,0.35507256
Israel,1997,0.38097107
Israel,2001,0.38947663
Israel,2002,0.39559424
Israel,2003,0.4072257
Israel,2004,0.414563
Israel,2005,0.42267624
Israel,2006,0.4155532
Israel,2007,0.41098633
Israel,2008,0.4164268
Israel,2009,0.4263395
Israel,2010,0.42559466
Israel,2011,0.41444165
Israel,2012,0.41302204
Israel,2013,0.39870527
Israel,2014,0.3975749
Israel,2015,0.3971953
Israel,2016,0.39013016
Israel,2017,0.38202065
Israel,2018,0.38577175
Israel,2019,0.3828222
Israel,2020,0.37773558
Israel,2021,0.3789385
Italy,1977,0.34006613
Italy,1978,0.33277303
Italy,1979,0.3326154
Italy,1980,0.32899266
Italy,1981,0.3157181
Italy,1982,0.2923156
Italy,1983,0.29767215
Italy,1984,0.31334364
Italy,1986,0.31162822
Italy,1987,0.34179533
Italy,1989,0.3210614
Italy,1991,0.31049973
Italy,1993,0.35086438
Italy,1995,0.35210875
Italy,1998,0.36652502
Italy,2000,0.35244963
Italy,2002,0.3469586
Italy,2003,0.3492876
Italy,2004,0.3429309
Italy,2005,0.33831015
Italy,2006,0.33694813
Italy,2007,0.32888323
Italy,2008,0.33767787
Italy,2009,0.33833045
Italy,2010,0.34716856
Italy,2011,0.35053095
Italy,2012,0.35151574
Italy,2013,0.34905812
Italy,2014,0.346525
Italy,2015,0.35390204
Italy,2016,0.3523976
Italy,2017,0.35922337
Italy,2018,0.35217443
Italy,2019,0.34583676
Italy,2020,0.3524098
Italy,2021,0.34844652
Italy,2022,0.33651528
Jamaica,1988,0.4315501
Jamaica,1990,0.41113734
Jamaica,1993,0.35673422
Jamaica,1996,0.40394902
Jamaica,1999,0.44078472
Jamaica,2002,0.48315668
Jamaica,2004,0.45457473
Jamaica,2018,0.35333386
Jamaica,2021,0.39874473
Japan,2008,0.34599212
Japan,2009,0.32979482
Japan,2010,0.3149226
Japan,2011,0.32975632
Japan,2012,0.32534882
Japan,2013,0.31533545
Japan,2014,0.31277955
Japan,2015,0.3070093
Japan,2016,0.31840593
Japan,2017,0.31792736
Japan,2018,0.32894954
Japan,2019,0.32984936
Japan,2020,0.32339275
Jordan,1986,0.3606143
Jordan,1992,0.43099582
Jordan,1997,0.36420527
Jordan,2002,0.36954618
Jordan,2006,0.33856255
Jordan,2008,0.3257345
Jordan,2010,0.3365573
Kazakhstan,1993,0.32665735
Kazakhstan,1996,0.35378307
Kazakhstan,2001,0.35964486
Kazakhstan,2002,0.3481113
Kazakhstan,2003,0.33691478
Kazakhstan,2004,0.3183876
Kazakhstan,2005,0.3982598
Kazakhstan,2006,0.30243865
Kazakhstan,2007,0.30084056
Kazakhstan,2008,0.28496444
Kazakhstan,2009,0.28208867
Kazakhstan,2010,0.27954513
Kazakhstan,2011,0.27983844
Kazakhstan,2012,0.2816882
Kazakhstan,2013,0.2706543
Kazakhstan,2014,0.2701586
Kazakhstan,2015,0.26803666
Kazakhstan,2016,0.27225325
Kazakhstan,2017,0.27450275
Kazakhstan,2018,0.27792874
Kazakhstan,2019,0.27968282
Kazakhstan,2020,0.2868392
Kazakhstan,2021,0.29191533
Kenya,1992,0.5692624
Kenya,1994,0.43104744
Kenya,1997,0.44982764
Kenya,2005,0.4644277
Kenya,2015,0.4077488
Kenya,2020,0.36246458
Kenya,2021,0.38701963
Kiribati,2006,0.36973003
Kiribati,2019,0.27832702
Kosovo,2017,0.44194052
Kosovo,2018,0.44592932
Kosovo,2019,0.40205404
Kosovo,2020,0.57414025
Kosovo,2021,0.49384618
Kyrgyzstan,2000,0.31035012
Kyrgyzstan,2001,0.3016398
Kyrgyzstan,2002,0.30302387
Kyrgyzstan,2003,0.28708646
Kyrgyzstan,2004,0.3477343
Kyrgyzstan,2005,0.32561347
Kyrgyzstan,2006,0.3738124
Kyrgyzstan,2007,0.3391182
Kyrgyzstan,2008,0.3145065
Kyrgyzstan,2009,0.2987395
Kyrgyzstan,2010,0.30133805
Kyrgyzstan,2011,0.278397
Kyrgyzstan,2012,0.27356684
Kyrgyzstan,2013,0.28814632
Kyrgyzstan,2014,0.26819003
Kyrgyzstan,2015,0.2899777
Kyrgyzstan,2016,0.26780677
Kyrgyzstan,2017,0.2733501
Kyrgyzstan,2018,0.27690303
Kyrgyzstan,2019,0.2970045
Kyrgyzstan,2020,0.28989273
Kyrgyzstan,2021,0.28793305
Kyrgyzstan,2022,0.26352528
Laos,1992,0.34309775
Laos,1997,0.3489394
Laos,2002,0.32620108
Laos,2007,0.35361034
Laos,2012,0.35963547
Laos,2018,0.38802433
Latvia,1993,0.26993132
Latvia,1995,0.30977485
Latvia,1996,0.31590763
Latvia,2004,0.36382478
Latvia,2005,0.38973054
Latvia,2006,0.35596946
Latvia,2007,0.37461096
Latvia,2008,0.37211558
Latvia,2009,0.3594563
Latvia,2010,0.35030216
Latvia,2011,0.3577257
Latvia,2012,0.3523601
Latvia,2013,0.35497323
Latvia,2014,0.35113618
Latvia,2015,0.34202468
Latvia,2016,0.34328842
Latvia,2017,0.35571015
Latvia,2018,0.35095707
Latvia,2019,0.34489107
Latvia,2020,0.3570395
Latvia,2021,0.3425583
Latvia,2022,0.33675846
Lebanon,2011,0.3183245
Lebanon,2022,0.35281137
Lesotho,1986,0.5601246
Lesotho,1994,0.630115
Lesotho,2002,0.5119383
Lesotho,2017,0.44877613
Liberia,2007,0.36446577
Liberia,2014,0.33237883
Liberia,2016,0.3526544
Lithuania,1993,0.33183792
Lithuania,2004,0.37011084
Lithuania,2005,0.3529672
Lithuania,2006,0.34414458
Lithuania,2007,0.34789112
Lithuania,2008,0.35727003
Lithuania,2009,0.37218463
Lithuania,2010,0.33608714
Lithuania,2011,0.3248643
Lithuania,2012,0.350923
Lithuania,2013,0.35307318
Lithuania,2014,0.37675023
Lithuania,2015,0.373703
Lithuania,2016,0.3838584
Lithuania,2017,0.37283584
Lithuania,2018,0.3570533
Lithuania,2019,0.3525135
Lithuania,2020,0.35956642
Lithuania,2021,0.3665641
Lithuania,2022,0.3656239
Luxembourg,1985,0.26294357
Luxembourg,1986,0.28112763
Luxembourg,1987,0.2954707
Luxembourg,1988,0.28827298
Luxembourg,1989,0.30814338
Luxembourg,1990,0.27716637
Luxembourg,1991,0.2717853
Luxembourg,1992,0.27309504
Luxembourg,1993,0.27047905
Luxembourg,1994,0.28147867
Luxembourg,1995,0.2834895
Luxembourg,1996,0.29043368
Luxembourg,1997,0.2959526
Luxembourg,1998,0.30622813
Luxembourg,1999,0.30041057
Luxembourg,2000,0.30102962
Luxembourg,2001,0.30926323
Luxembourg,2002,0.31063896
Luxembourg,2003,0.30187473
Luxembourg,2004,0.30172697
Luxembourg,2005,0.30840808
Luxembourg,2006,0.3094812
Luxembourg,2007,0.31133747
Luxembourg,2008,0.32561544
Luxembourg,2009,0.31196913
Luxembourg,2010,0.3050438
Luxembourg,2011,0.3205409
Luxembourg,2012,0.3434715
Luxembourg,2013,0.3203596
Luxembourg,2014,0.3115807
Luxembourg,2015,0.3292147
Luxembourg,2016,0.31727895
Luxembourg,2017,0.3451529
Luxembourg,2018,0.35367864
Luxembourg,2019,0.34241155
Luxembourg,2020,0.3337364
Luxembourg,2021,0.32719034
Luxembourg,2022,0.34093988
Madagascar,1980,0.46848634
Madagascar,1993,0.45198697
Madagascar,1997,0.39428085
Madagascar,1999,0.38580093
Madagascar,2001,0.47411108
Madagascar,2005,0.39926335
Madagascar,2010,0.4237182
Madagascar,2012,0.42533895
Malawi,1997,0.6575523
Malawi,2004,0.39872152
Malawi,2010,0.45473015
Malawi,2016,0.44694307
Malawi,2019,0.38542736
Malaysia,1984,0.48496294
Malaysia,1987,0.47041824
Malaysia,1989,0.46168482
Malaysia,1992,0.47653723
Malaysia,1995,0.48522663
Malaysia,1997,0.49149647
Malaysia,2003,0.46416193
Malaysia,2006,0.4475235
Malaysia,2008,0.45479712
Malaysia,2011,0.43943596
Malaysia,2013,0.41348827
Malaysia,2015,0.410664
Malaysia,2018,0.41176775
Malaysia,2021,0.40668428
Maldives,2002,0.41312027
Maldives,2009,0.38372764
Maldives,2016,0.31285647
Maldives,2019,0.2928509
Mali,1994,0.5013056
Mali,2001,0.3986631
Mali,2006,0.3892909
Mali,2009,0.33034363
Mali,2018,0.3596336
Mali,2021,0.35653594
Malta,2006,0.28019977
Malta,2007,0.29207733
Malta,2008,0.28995508
Malta,2009,0.30244434
Malta,2010,0.2902576
Malta,2011,0.29142106
Malta,2012,0.29360434
Malta,2013,0.28843665
Malta,2014,0.29020345
Malta,2015,0.29433772
Malta,2016,0.29089016
Malta,2017,0.29232237
Malta,2018,0.28665087
Malta,2019,0.31041765
Malta,2020,0.3140378
Malta,2021,0.31565055
Malta,2022,0.34587276
Marshall Islands,2019,0.35482943
Mauritania,1987,0.43938306
Mauritania,1993,0.49524376
Mauritania,1995,0.37747362
Mauritania,2000,0.39028475
Mauritania,2004,0.40168762
Mauritania,2008,0.35685378
Mauritania,2014,0.3261935
Mauritania,2019,0.31996748
Mauritius,2006,0.3565342
Mauritius,2012,0.384654
Mauritius,2017,0.36761206
Mexico,1984,0.4852701
Mexico,1989,0.50109
Mexico,1992,0.52310723
Mexico,1994,0.53422207
Mexico,1996,0.51971227
Mexico,1998,0.5328315
Mexico,2000,0.5341742
Mexico,2002,0.50582886
Mexico,2004,0.50343025
Mexico,2005,0.50938904
Mexico,2006,0.49712265
Mexico,2008,0.5084356
Mexico,2010,0.4765793
Mexico,2012,0.49597234
Mexico,2014,0.48912337
Mexico,2016,0.46912423
Mexico,2018,0.45954892
Mexico,2020,0.44594306
Mexico,2022,0.43454006
Micronesia (country),2005,0.423558
Micronesia (country),2013,0.40052038
Micronesia (country) (urban),2000,0.6307854
Moldova,1997,0.36942142
Moldova,1998,0.39518538
Moldova,1999,0.4262399
Moldova,2000,0.3642439
Moldova,2001,0.37988025
Moldova,2002,0.3584591
Moldova,2003,0.34902084
Moldova,2004,0.35029566
Moldova,2005,0.36280838
Moldova,2006,0.35399818
Moldova,2007,0.34421042
Moldova,2008,0.34692442
Moldova,2009,0.32910907
Moldova,2010,0.3205092
Moldova,2011,0.30628577
Moldova,2012,0.2915884
Moldova,2013,0.2853416
Moldova,2014,0.26833853
Moldova,2015,0.27028158
Moldova,2016,0.26345387
Moldova,2017,0.25899243
Moldova,2018,0.25661647
Moldova,2019,0.26016647
Moldova,2021,0.25731638
Moldova,2022,0.25864446
Mongolia,1995,0.3319534
Mongolia,1998,0.30271962
Mongolia,2002,0.32892948
Mongolia,2007,0.3582187
Mongolia,2010,0.33081213
Mongolia,2011,0.33883506
Mongolia,2012,0.33751616
Mongolia,2014,0.3203779
Mongolia,2016,0.32345733
Mongolia,2018,0.3274099
Mongolia,2022,0.31416476
Montenegro,2012,0.4120617
Montenegro,2013,0.39021727
Montenegro,2014,0.38769287
Montenegro,2015,0.39005032
Montenegro,2016,0.384665
Montenegro,2017,0.36880922
Montenegro,2018,0.3680896
Montenegro,2019,0.35665396
Montenegro,2020,0.35412297
Montenegro,2021,0.34296975
Morocco,1984,0.36468908
Morocco,1990,0.39206904
Morocco,1998,0.39353913
Morocco,2000,0.40636942
Morocco,2006,0.40718302
Morocco,2013,0.39548507
Mozambique,1996,0.53262776
Mozambique,2002,0.46948156
Mozambique,2008,0.45483
Mozambique,2014,0.5395343
Mozambique,2019,0.5026376
Myanmar,2015,0.3806851
Myanmar,2017,0.3069687
Namibia,1993,0.7105055
Namibia,2003,0.6331697
Namibia,2009,0.609647
Namibia,2015,0.5906661
Nauru,2012,0.3236158
Nepal,1984,0.3005754
Nepal,1995,0.35207018
Nepal,2003,0.43768105
Nepal,2010,0.32840586
Nepal,2022,0.30020264
Netherlands,1983,0.28364167
Netherlands,1987,0.2676962
Netherlands,1990,0.31086764
Netherlands,1993,0.3043155
Netherlands,1999,0.28063396
Netherlands,2004,0.2980001
Netherlands,2005,0.2904823
Netherlands,2006,0.30043328
Netherlands,2007,0.2959278
Netherlands,2008,0.29298013
Netherlands,2009,0.27881998
Netherlands,2010,0.2784524
Netherlands,2011,0.27750087
Netherlands,2012,0.2762093
Netherlands,2013,0.2810648
Netherlands,2014,0.2863142
Netherlands,2015,0.2824158
Netherlands,2016,0.2817357
Netherlands,2017,0.28535807
Netherlands,2018,0.2812104
Netherlands,2019,0.29248327
Netherlands,2020,0.2599421
Netherlands,2021,0.2574387
Nicaragua,1993,0.57121277
Nicaragua,1998,0.54375845
Nicaragua,2001,0.5287477
Nicaragua,2005,0.48820037
Nicaragua,2009,0.43941626
Nicaragua,2014,0.46156293
Niger,1992,0.3604249
Niger,1994,0.41460487
Niger,2005,0.44387317
Niger,2007,0.37304205
Niger,2011,0.31451714
Niger,2014,0.34276575
Niger,2018,0.37259424
Niger,2021,0.32862565
Nigeria,1985,0.3867785
Nigeria,1992,0.44922248
Nigeria,1996,0.5189936
Nigeria,2003,0.40060818
Nigeria,2010,0.3565021
Nigeria,2012,0.35513008
Nigeria,2015,0.3587978
Nigeria,2018,0.35127744
North Macedonia,2009,0.42760772
North Macedonia,2010,0.40065548
North Macedonia,2011,0.39360675
North Macedonia,2012,0.38132396
North Macedonia,2013,0.36239138
North Macedonia,2014,0.3520166
North Macedonia,2015,0.35590693
North Macedonia,2016,0.3453452
North Macedonia,2017,0.34198907
North Macedonia,2018,0.3296047
North Macedonia,2019,0.3350583
Norway,1979,0.2689476
Norway,1986,0.24630482
Norway,1991,0.25226286
Norway,1995,0.26019636
Norway,2000,0.27358785
Norway,2003,0.27626902
Norway,2004,0.3157807
Norway,2005,0.30597028
Norway,2006,0.2635384
Norway,2007,0.27090648
Norway,2008,0.26996344
Norway,2009,0.2615823
Norway,2010,0.25723708
Norway,2011,0.2530017
Norway,2012,0.25725996
Norway,2013,0.2636111
Norway,2014,0.2675256
Norway,2015,0.27496755
Norway,2016,0.28493342
Norway,2017,0.26986745
Norway,2018,0.27560243
Norway,2019,0.27741843
Norway,2020,0.28392884
Norway,2021,0.29089126
Norway,2022,0.26946253
Pakistan,1987,0.33316457
Pakistan,1990,0.33247975
Pakistan,1996,0.28664988
Pakistan,1998,0.33123294
Pakistan,2001,0.2865302
Pakistan,2004,0.30886108
Pakistan,2005,0.31261253
Pakistan,2007,0.29669502
Pakistan,2010,0.28780863
Pakistan,2011,0.29697958
Pakistan,2013,0.29528573
Pakistan,2015,0.31291267
Pakistan,2018,0.29589266
Palestine,2004,0.3404466
Palestine,2005,0.34742624
Palestine,2006,0.3395928
Palestine,2007,0.35606077
Palestine,2009,0.34463975
Palestine,2010,0.3529443
Palestine,2011,0.34415236
Palestine,2016,0.3369004
Palestine,2023,0.36381876
Panama,1979,0.48740143
Panama,1989,0.5854873
Panama,1991,0.5797844
Panama,1995,0.57628953
Panama,1997,0.5811877
Panama,1998,0.5733296
Panama,1999,0.56327
Panama,2000,0.5657906
Panama,2001,0.56695515
Panama,2002,0.560887
Panama,2003,0.55646366
Panama,2004,0.5477021
Panama,2005,0.5379738
Panama,2006,0.5463359
Panama,2007,0.5268422
Panama,2008,0.5269296
Panama,2009,0.5177022
Panama,2010,0.51608574
Panama,2011,0.5134672
Panama,2012,0.5173878
Panama,2013,0.51455736
Panama,2014,0.5046524
Panama,2015,0.5080543
Panama,2016,0.50406694
Panama,2017,0.4988425
Panama,2018,0.49211323
Panama,2019,0.4983736
Panama,2021,0.50857776
Panama,2023,0.48875666
Papua New Guinea,1996,0.45765263
Papua New Guinea,2009,0.4185041
Paraguay,1990,0.40837216
Paraguay,1995,0.58139044
Paraguay,1997,0.5488789
Paraguay,1999,0.54570764
Paraguay,2001,0.5462631
Paraguay,2002,0.572743
Paraguay,2003,0.5493751
Paraguay,2004,0.5226007
Paraguay,2005,0.5138112
Paraguay,2006,0.5299408
Paraguay,2007,0.5304041
Paraguay,2008,0.50704646
Paraguay,2009,0.4914508
Paraguay,2010,0.5098244
Paraguay,2011,0.52309626
Paraguay,2012,0.47633564
Paraguay,2013,0.47935358
Paraguay,2014,0.50702643
Paraguay,2015,0.47605732
Paraguay,2016,0.47899717
Paraguay,2017,0.4854749
Paraguay,2018,0.459551
Paraguay,2019,0.45650637
Paraguay,2020,0.43481943
Paraguay,2021,0.42905122
Paraguay,2022,0.4483736
Paraguay,2023,0.44382226
Peru,1997,0.5325629
Peru,1998,0.55117136
Peru,1999,0.5482069
Peru,2000,0.49071854
Peru,2001,0.5130155
Peru,2002,0.53563553
Peru,2003,0.53079563
Peru,2004,0.49879557
Peru,2005,0.50449
Peru,2006,0.50332093
Peru,2007,0.5002137
Peru,2008,0.47486374
Peru,2009,0.4700601
Peru,2010,0.4553765
Peru,2011,0.44659743
Peru,2012,0.44440016
Peru,2013,0.43882716
Peru,2014,0.43138808
Peru,2015,0.43356055
Peru,2016,0.4363897
Peru,2017,0.43292665
Peru,2018,0.4236556
Peru,2019,0.41528118
Peru,2020,0.4373981
Peru,2021,0.40121803
Peru,2022,0.4034916
Peru,2023,0.4065784
Philippines,1985,0.41037434
Philippines,1988,0.4074627
Philippines,1991,0.4382355
Philippines,1994,0.42888388
Philippines,1997,0.45962209
Philippines,2000,0.42799473
Philippines,2003,0.4149466
Philippines,2006,0.4285884
Philippines,2009,0.41760337
Philippines,2012,0.4222433
Philippines,2015,0.40351498
Philippines,2018,0.37811705
Philippines,2021,0.37268466
Philippines,2023,0.35203487
Poland,1985,0.25083962
Poland,1986,0.27984542
Poland,1987,0.2552513
Poland,1989,0.26794213
Poland,1992,0.29298562
Poland,1995,0.34643131
Poland,1999,0.32289156
Poland,2004,0.38021782
Poland,2005,0.35808384
Poland,2006,0.34667546
Poland,2007,0.34001285
Poland,2008,0.33485633
Poland,2009,0.33355722
Poland,2010,0.3321481
Poland,2011,0.33180645
Poland,2012,0.3302016
Poland,2013,0.3313732
Poland,2014,0.32824445
Poland,2015,0.3175091
Poland,2016,0.31189167
Poland,2017,0.2968527
Poland,2018,0.302149
Poland,2019,0.28760177
Poland,2020,0.284626
Poland,2021,0.28479505
Poland,2022,0.28858185
Portugal,2003,0.38775006
Portugal,2004,0.38938776
Portugal,2005,0.38480073
Portugal,2006,0.3806078
Portugal,2007,0.36750183
Portugal,2008,0.3663415
Portugal,2009,0.34907416
Portugal,2010,0.35844672
Portugal,2011,0.36344677
Portugal,2012,0.36034793
Portugal,2013,0.36187103
Portugal,2014,0.35562173
Portugal,2015,0.355233
Portugal,2016,0.3519052
Portugal,2017,0.3380384
Portugal,2018,0.33492562
Portugal,2019,0.32762748
Portugal,2020,0.3466863
Portugal,2021,0.34592018
Portugal,2022,0.36252204
Qatar,2017,0.35128385
Romania,1989,0.23307304
Romania,1992,0.25461727
Romania,1994,0.28200582
Romania,1995,0.31158027
Romania,1997,0.30504426
Romania,2006,0.3964082
Romania,2007,0.37547714
Romania,2008,0.36428735
Romania,2009,0.35564336
Romania,2010,0.35471106
Romania,2011,0.35866693
Romania,2012,0.3654547
Romania,2013,0.3691512
Romania,2014,0.36009106
Romania,2015,0.3591363
Romania,2016,0.34406668
Romania,2017,0.36012626
Romania,2018,0.35758412
Romania,2019,0.34800538
Romania,2020,0.34570205
Romania,2021,0.3385265
Romania,2022,0.32303035
Russia,1993,0.45385477
Russia,1996,0.4609863
Russia,1997,0.384092
Russia,1998,0.38137004
Russia,1999,0.37443388
Russia,2000,0.37092742
Russia,2001,0.36924985
Russia,2002,0.3728377
Russia,2003,0.39971548
Russia,2004,0.4031583
Russia,2005,0.41265598
Russia,2006,0.4095094
Russia,2007,0.42272472
Russia,2008,0.41568583
Russia,2009,0.398456
Russia,2010,0.39548978
Russia,2011,0.39749315
Russia,2012,0.40714827
Russia,2013,0.40884423
Russia,2014,0.3988122
Russia,2015,0.37710539
Russia,2016,0.368485
Russia,2017,0.37239072
Russia,2018,0.37473005
Russia,2019,0.37736863
Russia,2020,0.36068243
Rwanda,2000,0.48520252
Rwanda,2005,0.5202114
Rwanda,2010,0.47221914
Rwanda,2013,0.45111567
Rwanda,2016,0.4370951
Rwanda (rural),1984,0.28898594
Saint Lucia,1995,0.4258438
Saint Lucia,2015,0.51225066
Samoa,2002,0.4073552
Samoa,2008,0.4204655
Samoa,2013,0.38743454
Sao Tome and Principe,2000,0.32125893
Sao Tome and Principe,2010,0.3082127
Sao Tome and Principe,2017,0.4072948
Senegal,1991,0.54041934
Senegal,1994,0.39245197
Senegal,2001,0.41229436
Senegal,2005,0.39212894
Senegal,2011,0.4027436
Senegal,2018,0.38314784
Senegal,2021,0.3615772
Serbia,2012,0.398866
Serbia,2013,0.39444748
Serbia,2014,0.40435985
Serbia,2015,0.40460244
Serbia,2016,0.38773644
Serbia,2017,0.36104488
Serbia,2018,0.35002947
Serbia,2019,0.34475124
Serbia,2020,0.3495087
Serbia,2021,0.3312888
Serbia,2022,0.3280289
Seychelles,1999,0.42776692
Seychelles,2006,0.42767617
Seychelles,2013,0.46821982
Seychelles,2018,0.3212532
Sierra Leone,2003,0.40167454
Sierra Leone,2011,0.34030178
Sierra Leone,2018,0.35690176
Slovakia,1992,0.20186578
Slovakia,1996,0.26275504
Slovakia,2004,0.2707678
Slovakia,2005,0.29296494
Slovakia,2006,0.2579704
Slovakia,2007,0.24664715
Slovakia,2008,0.2602499
Slovakia,2009,0.2723098
Slovakia,2010,0.2731572
Slovakia,2011,0.2653828
Slovakia,2012,0.2611581
Slovakia,2013,0.28086153
Slovakia,2014,0.26103443
Slovakia,2015,0.26491237
Slovakia,2016,0.2515497
Slovakia,2017,0.23237365
Slovakia,2018,0.24970019
Slovakia,2019,0.23232324
Slovakia,2020,0.24219425
Slovakia,2021,0.2411022
Slovakia,2022,0.24078926
Slovenia,1987,0.2359837
Slovenia,1993,0.2911778
Slovenia,1997,0.241215
Slovenia,1999,0.24042886
Slovenia,2004,0.24790733
Slovenia,2005,0.24634741
Slovenia,2006,0.24363928
Slovenia,2007,0.24354753
Slovenia,2008,0.23718019
Slovenia,2009,0.24787736
Slovenia,2010,0.24933259
Slovenia,2011,0.24868034
Slovenia,2012,0.25585502
Slovenia,2013,0.26241106
Slovenia,2014,0.25657535
Slovenia,2015,0.25408465
Slovenia,2016,0.24757937
Slovenia,2017,0.24219307
Slovenia,2018,0.24633364
Slovenia,2019,0.24384232
Slovenia,2020,0.24031529
Slovenia,2021,0.2428228
Slovenia,2022,0.24305065
Solomon Islands,2005,0.46087635
Solomon Islands,2012,0.37054926
South Africa,1993,0.5933394
South Africa,2000,0.5776966
South Africa,2005,0.64761883
South Africa,2008,0.63009
South Africa,2010,0.6338256
South Africa,2014,0.6302572
South Korea,2006,0.31702983
South Korea,2008,0.32324833
South Korea,2010,0.32021224
South Korea,2012,0.31558052
South Korea,2014,0.31192905
South Korea,2016,0.35222206
South Korea,2017,0.34854642
South Korea,2018,0.33725032
South Korea,2019,0.33196163
South Korea,2020,0.32708606
South Korea,2021,0.32906574
South Sudan,2009,0.4631574
South Sudan,2016,0.44047812
Spain,1980,0.34483546
Spain,1985,0.34431675
Spain,1990,0.32023215
Spain,1993,0.3565849
Spain,1994,0.35103723
Spain,1995,0.35726634
Spain,1996,0.3646458
Spain,1997,0.3532442
Spain,1998,0.34580052
Spain,1999,0.33791927
Spain,2000,0.3412891
Spain,2003,0.31800938
Spain,2004,0.3330196
Spain,2005,0.32431775
Spain,2006,0.33541155
Spain,2007,0.3413741
Spain,2008,0.342204
Spain,2009,0.34924084
Spain,2010,0.35244483
Spain,2011,0.35693973
Spain,2012,0.3540366
Spain,2013,0.36181897
Spain,2014,0.36052307
Spain,2015,0.36178336
Spain,2016,0.35757092
Spain,2017,0.34651256
Spain,2018,0.34716326
Spain,2019,0.34303713
Spain,2020,0.34863642
Spain,2021,0.3388591
Spain,2022,0.3357942
Sri Lanka,1985,0.32467854
Sri Lanka,1990,0.32447433
Sri Lanka,1995,0.35399538
Sri Lanka,2002,0.40171906
Sri Lanka,2006,0.3966902
Sri Lanka,2009,0.36054152
Sri Lanka,2012,0.38713607
Sri Lanka,2016,0.39345774
Sri Lanka,2019,0.37663776
Sudan,2009,0.35395336
Sudan,2014,0.34242943
Suriname,2022,0.39179897
Suriname (urban),1999,0.5753989
Sweden,1975,0.24283645
Sweden,1981,0.22923574
Sweden,1987,0.23057628
Sweden,1992,0.24908733
Sweden,1995,0.25236505
Sweden,2000,0.2696006
Sweden,2001,0.2654536
Sweden,2002,0.26216906
Sweden,2003,0.2526852
Sweden,2004,0.26140112
Sweden,2005,0.26821017
Sweden,2006,0.26351228
Sweden,2007,0.27114138
Sweden,2008,0.2811916
Sweden,2009,0.27339843
Sweden,2010,0.27736148
Sweden,2011,0.2760523
Sweden,2012,0.27643865
Sweden,2013,0.28822747
Sweden,2014,0.28388637
Sweden,2015,0.2920968
Sweden,2016,0.29561198
Sweden,2017,0.28774133
Sweden,2018,0.29971555
Sweden,2019,0.29304633
Sweden,2020,0.28870603
Sweden,2021,0.29765344
Sweden,2022,0.3160836
Switzerland,1982,0.36005235
Switzerland,1992,0.3385482
Switzerland,2000,0.33431056
Switzerland,2002,0.31686732
Switzerland,2004,0.31564513
Switzerland,2006,0.33918807
Switzerland,2007,0.34255534
Switzerland,2008,0.337947
Switzerland,2009,0.32855856
Switzerland,2010,0.3255303
Switzerland,2011,0.3171362
Switzerland,2012,0.31567127
Switzerland,2013,0.3246219
Switzerland,2014,0.3252566
Switzerland,2015,0.32306957
Switzerland,2016,0.33042452
Switzerland,2017,0.32676333
Switzerland,2018,0.3314104
Switzerland,2019,0.3399834
Switzerland,2020,0.33737928
Switzerland,2021,0.33824313
Syria,1996,0.3516938
Syria,2003,0.37514603
Syria,2006,0.4014725
Syria,2009,0.40394777
Syria,2022,0.26628074
Taiwan,1981,0.29969484
Taiwan,1986,0.29707956
Taiwan,1991,0.29967803
Taiwan,1995,0.3132383
Taiwan,1997,0.30822107
Taiwan,2000,0.31111476
Taiwan,2005,0.32179585
Taiwan,2007,0.32124567
Taiwan,2010,0.33213326
Taiwan,2013,0.32487386
Taiwan,2016,0.31448635
Taiwan,2017,0.31754693
Taiwan,2018,0.31633675
Taiwan,2019,0.3119192
Taiwan,2020,0.31231022
Taiwan,2021,0.31566375
Tajikistan,1999,0.29532373
Tajikistan,2003,0.32719442
Tajikistan,2004,0.3360195
Tajikistan,2007,0.32180274
Tajikistan,2009,0.30774954
Tajikistan,2015,0.33995536
Tanzania,1991,0.35280752
Tanzania,2000,0.37281972
Tanzania,2007,0.4027778
Tanzania,2011,0.3778315
Tanzania,2018,0.4049123
Thailand,1981,0.4521682
Thailand,1988,0.43838593
Thailand,1990,0.45265648
Thailand,1992,0.47857958
Thailand,1994,0.43470213
Thailand,1996,0.42904922
Thailand,1998,0.41455793
Thailand,1999,0.43091586
Thailand,2000,0.42833668
Thailand,2002,0.41944495
Thailand,2004,0.42540312
Thailand,2006,0.41819033
Thailand,2007,0.39761516
Thailand,2008,0.40288273
Thailand,2009,0.39601263
Thailand,2010,0.3940277
Thailand,2011,0.37459034
Thailand,2012,0.39256668
Thailand,2013,0.37847108
Thailand,2014,0.37032664
Thailand,2015,0.35987332
Thailand,2016,0.36691424
Thailand,2017,0.36382803
Thailand,2018,0.36412174
Thailand,2019,0.34855723
Thailand,2020,0.34985816
Thailand,2021,0.34923872
Thailand,2022,0.34297076
Thailand,2023,0.3349489
Togo,2006,0.42212236
Togo,2011,0.46014833
Togo,2015,0.43028557
Togo,2018,0.42534238
Togo,2021,0.37858006
Tonga,2000,0.37690175
Tonga,2009,0.3749649
Tonga,2015,0.33521304
Tonga,2021,0.27095765
Trinidad and Tobago,1988,0.4260131
Trinidad and Tobago,1992,0.40185452
Tunisia,1985,0.4343376
Tunisia,1990,0.40102237
Tunisia,1995,0.41657296
Tunisia,2000,0.40809476
Tunisia,2005,0.37733382
Tunisia,2010,0.38466486
Tunisia,2015,0.32815883
Tunisia,2021,0.33716425
Turkey,1987,0.4103413
Turkey,1994,0.413152
Turkey,2002,0.41396376
Turkey,2003,0.42184338
Turkey,2004,0.4128751
Turkey,2005,0.42614657
Turkey,2006,0.39647412
Turkey,2007,0.384428
Turkey,2008,0.3902054
Turkey,2009,0.3896531
Turkey,2010,0.3878508
Turkey,2011,0.40039355
Turkey,2012,0.40168938
Turkey,2013,0.401785
Turkey,2014,0.41236562
Turkey,2015,0.42854458
Turkey,2016,0.41873705
Turkey,2017,0.43531725
Turkey,2018,0.42441425
Turkey,2019,0.438338
Turkey,2020,0.4304501
Turkey,2021,0.44364828
Turkey,2022,0.44467676
Turkmenistan,1998,0.40806928
Tuvalu,2010,0.39139032
Uganda,1989,0.44362718
Uganda,1992,0.41420978
Uganda,1996,0.39042342
Uganda,1999,0.42991972
Uganda,2002,0.45167553
Uganda,2005,0.42944133
Uganda,2009,0.44189683
Uganda,2012,0.4100934
Uganda,2016,0.4275336
Uganda,2019,0.42702177
Ukraine,1992,0.29708833
Ukraine,1993,0.28926983
Ukraine,1995,0.39231017
Ukraine,1996,0.35153478
Ukraine,2002,0.29045695
Ukraine,2003,0.28664893
Ukraine,2004,0.28934017
Ukraine,2005,0.29020715
Ukraine,2006,0.29794392
Ukraine,2007,0.27012688
Ukraine,2008,0.2663823
Ukraine,2009,0.25316665
Ukraine,2010,0.24818976
Ukraine,2011,0.24551843
Ukraine,2012,0.24740657
Ukraine,2013,0.24554986
Ukraine,2014,0.24025366
Ukraine,2015,0.2545754
Ukraine,2016,0.25002202
Ukraine,2017,0.26049048
Ukraine,2018,0.26071486
Ukraine,2019,0.26619467
Ukraine,2020,0.25627363
United Arab Emirates,2013,0.3251042
United Arab Emirates,2018,0.26399004
United Kingdom,1968,0.2684166
United Kingdom,1969,0.27904898
United Kingdom,1970,0.27964503
United Kingdom,1971,0.2929356
United Kingdom,1972,0.28776282
United Kingdom,1973,0.2881038
United Kingdom,1974,0.28957152
United Kingdom,1975,0.27880856
United Kingdom,1976,0.27589646
United Kingdom,1977,0.27141878
United Kingdom,1978,0.2723537
United Kingdom,1979,0.2743262
United Kingdom,1980,0.28477892
United Kingdom,1981,0.2968705
United Kingdom,1982,0.29903
United Kingdom,1983,0.29786685
United Kingdom,1984,0.29166204
United Kingdom,1985,0.30419374
United Kingdom,1986,0.31919184
United Kingdom,1987,0.3385342
United Kingdom,1988,0.34272873
United Kingdom,1989,0.33354205
United Kingdom,1990,0.3574197
United Kingdom,1991,0.34962818
United Kingdom,1992,0.34955472
United Kingdom,1993,0.3507596
United Kingdom,1994,0.35978922
United Kingdom,1995,0.3551664
United Kingdom,1996,0.3529524
United Kingdom,1997,0.35735163
United Kingdom,1998,0.36621472
United Kingdom,1999,0.3678378
United Kingdom,2000,0.38848642
United Kingdom,2001,0.37086216
United Kingdom,2002,0.35146394
United Kingdom,2003,0.34856063
United Kingdom,2004,0.34834158
United Kingdom,2005,0.35485032
United Kingdom,2006,0.35879987
United Kingdom,2007,0.34413147
United Kingdom,2008,0.35445124
United Kingdom,2009,0.35137364
United Kingdom,2010,0.337056
United Kingdom,2011,0.33191085
United Kingdom,2012,0.33090645
United Kingdom,2013,0.32699567
United Kingdom,2014,0.3314094
United Kingdom,2015,0.33311963
United Kingdom,2016,0.33109328
United Kingdom,2017,0.32608232
United Kingdom,2018,0.33689803
United Kingdom,2019,0.32824185
United Kingdom,2020,0.32644576
United Kingdom,2021,0.32414633
United States,1963,0.36726266
United States,1964,0.37374026
United States,1965,0.36825225
United States,1966,0.3709646
United States,1967,0.36886302
United States,1968,0.36326066
United States,1969,0.3601449
United States,1970,0.3659216
United States,1971,0.36917382
United States,1972,0.366613
United States,1973,0.36112753
United States,1974,0.35476547
United States,1975,0.35648388
United States,1976,0.3556052
United States,1977,0.35504323
United States,1978,0.34790006
United States,1979,0.34758875
United States,1980,0.34716898
United States,1981,0.3548752
United States,1982,0.3666041
United States,1983,0.37291998
United States,1984,0.37344322
United States,1985,0.37640655
United States,1986,0.37556332
United States,1987,0.371961
United States,1988,0.37705073
United States,1989,0.38237947
United States,1990,0.38262486
United States,1991,0.38044837
United States,1992,0.38372794
United States,1993,0.40363088
United States,1994,0.3998538
United States,1995,0.39853597
United States,1996,0.40308315
United States,1997,0.40524122
United States,1998,0.3995175
United States,1999,0.3998439
United States,2000,0.4013887
United States,2001,0.40594274
United States,2002,0.40352023
United States,2003,0.4077004
United States,2004,0.4054555
United States,2005,0.41260278
United States,2006,0.41693398
United States,2007,0.41088763
United States,2008,0.41092274
United States,2009,0.40849945
United States,2010,0.40241358
United States,2011,0.41163278
United States,2012,0.41155744
United States,2013,0.4087145
United States,2014,0.4173704
United States,2015,0.41455927
United States,2016,0.4133007
United States,2017,0.4138584
United States,2018,0.417826
United States,2019,0.4190184
United States,2020,0.40001062
United States,2021,0.3969645
United States,2022,0.416991
United States,2023,0.41818878
Uruguay,2006,0.4594138
Uruguay,2007,0.46404767
Uruguay,2008,0.45081532
Uruguay,2009,0.4554152
Uruguay,2010,0.4447481
Uruguay,2011,0.42175147
Uruguay,2012,0.39900434
Uruguay,2013,0.40450794
Uruguay,2014,0.40110943
Uruguay,2015,0.401286
Uruguay,2016,0.39695355
Uruguay,2017,0.3946439
Uruguay,2018,0.3968712
Uruguay,2019,0.39676315
Uruguay,2020,0.40155625
Uruguay,2021,0.4077686
Uruguay,2022,0.40551695
Uruguay,2023,0.40867537
Uruguay (urban),1981,0.43645427
Uruguay (urban),1989,0.42369074
Uruguay (urban),1992,0.41468036
Uruguay (urban),1995,0.4092634
Uruguay (urban),1996,0.40751222
Uruguay (urban),1997,0.4145671
Uruguay (urban),1998,0.42482242
Uruguay (urban),2000,0.42907083
Uruguay (urban),2001,0.45007667
Uruguay (urban),2002,0.4554421
Uruguay (urban),2003,0.45033693
Uruguay (urban),2004,0.4588095
Uruguay (urban),2005,0.44727567
Uzbekistan,2021,0.32891142
Uzbekistan,2022,0.31184828
Uzbekistan,2023,0.34538773
Vanuatu,2010,0.37351298
Vanuatu,2019,0.32317576
Venezuela,1981,0.5560985
Venezuela,1987,0.5344797
Venezuela,1989,0.437755
Venezuela,1992,0.4206128
Venezuela,1995,0.47166613
Venezuela,1998,0.47998744
Venezuela,1999,0.47698405
Venezuela,2001,0.47170475
Venezuela,2002,0.48877847
Venezuela,2003,0.47906187
Venezuela,2004,0.47316486
Venezuela,2005,0.49316522
Venezuela,2006,0.44698364
Vietnam,1992,0.35654193
Vietnam,1997,0.35442206
Vietnam,2002,0.37029624
Vietnam,2004,0.36785832
Vietnam,2006,0.35788617
Vietnam,2008,0.35570312
Vietnam,2010,0.39252725
Vietnam,2012,0.35645887
Vietnam,2014,0.34755376
Vietnam,2016,0.3526674
Vietnam,2018,0.35715547
Vietnam,2020,0.36790165
Vietnam,2022,0.36093006
World,1990,
World,1991,
World,1992,
World,1993,
World,1994,
World,1995,
World,1996,
World,1997,
World,1998,
World,1999,
World,2000,
World,2001,
World,2002,
World,2003,
World,2004,
World,2005,
World,2006,
World,2007,
World,2008,
World,2009,
World,2010,
World,2011,
World,2012,
World,2013,
World,2014,
World,2015,
World,2016,
World,2017,
World,2018,
World,2019,
World,2020,
World,2021,
World,2022,
World,2023,
World,2024,
World,2025,
World (excluding China),1990,
World (excluding China),1991,
World (excluding China),1992,
World (excluding China),1993,
World (excluding China),1994,
World (excluding China),1995,
World (excluding China),1996,
World (excluding China),1997,
World (excluding China),1998,
World (excluding China),1999,
World (excluding China),2000,
World (excluding China),2001,
World (excluding China),2002,
World (excluding China),2003,
World (excluding China),2004,
World (excluding China),2005,
World (excluding China),2006,
World (excluding China),2007,
World (excluding China),2008,
World (excluding China),2009,
World (excluding China),2010,
World (excluding China),2011,
World (excluding China),2012,
World (excluding China),2013,
World (excluding China),2014,
World (excluding China),2015,
World (excluding China),2016,
World (excluding China),2017,
World (excluding China),2018,
World (excluding China),2019,
World (excluding China),2020,
World (excluding China),2021,
World (excluding China),2022,
World (excluding China),2023,
World (excluding China),2024,
World (excluding China),2025,
World (excluding India),1990,
World (excluding India),1991,
World (excluding India),1992,
World (excluding India),1993,
World (excluding India),1994,
World (excluding India),1995,
World (excluding India),1996,
World (excluding India),1997,
World (excluding India),1998,
World (excluding India),1999,
World (excluding India),2000,
World (excluding India),2001,
World (excluding India),2002,
World (excluding India),2003,
World (excluding India),2004,
World (excluding India),2005,
World (excluding India),2006,
World (excluding India),2007,
World (excluding India),2008,
World (excluding India),2009,
World (excluding India),2010,
World (excluding India),2011,
World (excluding India),2012,
World (excluding India),2013,
World (excluding India),2014,
World (excluding India),2015,
World (excluding India),2016,
World (excluding India),2017,
World (excluding India),2018,
World (excluding India),2019,
World (excluding India),2020,
World (excluding India),2021,
World (excluding India),2022,
World (excluding India),2023,
World (excluding India),2024,
World (excluding India),2025,
Yemen,1998,0.34997785
Yemen,2005,0.34732336
Yemen,2014,0.36707094
Zambia,1991,0.59420234
Zambia,1993,0.52553844
Zambia,1996,0.48328558
Zambia,1998,0.4912264
Zambia,2002,0.42058727
Zambia,2004,0.5426552
Zambia,2006,0.54571337
Zambia,2010,0.520122
Zambia,2015,0.5584075
Zambia,2022,0.5148495
Zimbabwe,2011,0.43153575
Zimbabwe,2017,0.44337082
Zimbabwe,2019,0.5025645